{
  "CityWeather_ByLatLon_HTTPRequest" : {
    "transaction" : "CityWeather_ByLatLon_HTTPRequest",
    "sampleCount" : 52444,
    "errorCount" : 30,
    "errorPct" : 0.057203874,
    "meanResTime" : 117.04583937152078,
    "medianResTime" : 88.0,
    "minResTime" : 0.0,
    "maxResTime" : 141113.0,
    "pct1ResTime" : 114.0,
    "pct2ResTime" : 186.95000000000073,
    "pct3ResTime" : 443.0,
    "throughput" : 164.97790081318718,
    "receivedKBytesPerSec" : 129.50138832636017,
    "sentKBytesPerSec" : 31.237699462856064
  },
  "Total" : {
    "transaction" : "Total",
    "sampleCount" : 209787,
    "errorCount" : 97,
    "errorPct" : 0.046237376,
    "meanResTime" : 115.14675361199659,
    "medianResTime" : 85.0,
    "minResTime" : 0.0,
    "maxResTime" : 192770.0,
    "pct1ResTime" : 114.0,
    "pct2ResTime" : 191.0,
    "pct3ResTime" : 393.0,
    "throughput" : 566.8693255512321,
    "receivedKBytesPerSec" : 441.39719104230846,
    "sentKBytesPerSec" : 105.40872286059772
  },
  "CityWeather_ByZip_HTTPRequest" : {
    "transaction" : "CityWeather_ByZip_HTTPRequest",
    "sampleCount" : 52450,
    "errorCount" : 23,
    "errorPct" : 0.043851286,
    "meanResTime" : 118.86297426120085,
    "medianResTime" : 88.0,
    "minResTime" : 47.0,
    "maxResTime" : 192770.0,
    "pct1ResTime" : 115.0,
    "pct2ResTime" : 191.95000000000073,
    "pct3ResTime" : 446.9900000000016,
    "throughput" : 142.0950967032312,
    "receivedKBytesPerSec" : 108.88066151684822,
    "sentKBytesPerSec" : 26.35373962224919
  },
  "CityWeather_ByID_HTTPRequest" : {
    "transaction" : "CityWeather_ByID_HTTPRequest",
    "sampleCount" : 52440,
    "errorCount" : 23,
    "errorPct" : 0.04385965,
    "meanResTime" : 111.99473684210447,
    "medianResTime" : 88.0,
    "minResTime" : 38.0,
    "maxResTime" : 123358.0,
    "pct1ResTime" : 114.0,
    "pct2ResTime" : 184.0,
    "pct3ResTime" : 434.9900000000016,
    "throughput" : 175.526092937786,
    "receivedKBytesPerSec" : 138.93771100305764,
    "sentKBytesPerSec" : 32.55403367555454
  },
  "CityWeather_ByName_HTTPRequest" : {
    "transaction" : "CityWeather_ByName_HTTPRequest",
    "sampleCount" : 52453,
    "errorCount" : 21,
    "errorPct" : 0.04003584,
    "meanResTime" : 112.68322116942721,
    "medianResTime" : 88.0,
    "minResTime" : 63.0,
    "maxResTime" : 95019.0,
    "pct1ResTime" : 114.0,
    "pct2ResTime" : 186.95000000000073,
    "pct3ResTime" : 441.9700000000048,
    "throughput" : 175.47973985654642,
    "receivedKBytesPerSec" : 135.44759371591806,
    "sentKBytesPerSec" : 32.20408514880634
  }
}