{
  "UserList_Page2_HTTPRequest" : {
    "transaction" : "UserList_Page2_HTTPRequest",
    "sampleCount" : 8117,
    "errorCount" : 0,
    "errorPct" : 0.0,
    "meanResTime" : 31.42983861032394,
    "medianResTime" : 27.0,
    "minResTime" : 17.0,
    "maxResTime" : 656.0,
    "pct1ResTime" : 41.0,
    "pct2ResTime" : 51.0,
    "pct3ResTime" : 110.0,
    "throughput" : 54.371780530119835,
    "receivedKBytesPerSec" : 106.57304203689873,
    "sentKBytesPerSec" : 6.743375124341034
  },
  "Register_HTTPRequest" : {
    "transaction" : "Register_HTTPRequest",
    "sampleCount" : 8101,
    "errorCount" : 0,
    "errorPct" : 0.0,
    "meanResTime" : 174.44130354277263,
    "medianResTime" : 165.0,
    "minResTime" : 144.0,
    "maxResTime" : 900.0,
    "pct1ResTime" : 189.0,
    "pct2ResTime" : 245.0,
    "pct3ResTime" : 316.0,
    "throughput" : 54.56394643963682,
    "receivedKBytesPerSec" : 50.681527069385325,
    "sentKBytesPerSec" : 13.32127598623946
  },
  "PUT_Updateuser_HTTPRequest" : {
    "transaction" : "PUT_Updateuser_HTTPRequest",
    "sampleCount" : 8081,
    "errorCount" : 30,
    "errorPct" : 0.37124118,
    "meanResTime" : 178.40353916594472,
    "medianResTime" : 166.0,
    "minResTime" : 144.0,
    "maxResTime" : 11697.0,
    "pct1ResTime" : 197.0,
    "pct2ResTime" : 286.89999999999964,
    "pct3ResTime" : 324.0,
    "throughput" : 54.51883635578584,
    "receivedKBytesPerSec" : 50.935557469185156,
    "sentKBytesPerSec" : 11.97923650395685
  },
  "UserList_Page1_HTTPRequest" : {
    "transaction" : "UserList_Page1_HTTPRequest",
    "sampleCount" : 8115,
    "errorCount" : 0,
    "errorPct" : 0.0,
    "meanResTime" : 31.663585951940878,
    "medianResTime" : 27.0,
    "minResTime" : 17.0,
    "maxResTime" : 1116.0,
    "pct1ResTime" : 41.0,
    "pct2ResTime" : 50.19999999999982,
    "pct3ResTime" : 122.84000000000015,
    "throughput" : 54.36748804116252,
    "receivedKBytesPerSec" : 104.70830287095845,
    "sentKBytesPerSec" : 6.7428427551051175
  },
  "Total" : {
    "transaction" : "Total",
    "sampleCount" : 72973,
    "errorCount" : 8167,
    "errorPct" : 11.191811,
    "meanResTime" : 79.22297288037977,
    "medianResTime" : 38.0,
    "minResTime" : 16.0,
    "maxResTime" : 11697.0,
    "pct1ResTime" : 176.0,
    "pct2ResTime" : 188.0,
    "pct3ResTime" : 293.0,
    "throughput" : 486.3245584805065,
    "receivedKBytesPerSec" : 602.619654125708,
    "sentKBytesPerSec" : 76.22827547067644
  },
  "Single_User_NotFound_Get_HTTPRequest" : {
    "transaction" : "Single_User_NotFound_Get_HTTPRequest",
    "sampleCount" : 8109,
    "errorCount" : 8109,
    "errorPct" : 100.0,
    "meanResTime" : 30.518312985571587,
    "medianResTime" : 27.0,
    "minResTime" : 17.0,
    "maxResTime" : 670.0,
    "pct1ResTime" : 40.0,
    "pct2ResTime" : 47.0,
    "pct3ResTime" : 101.69999999999891,
    "throughput" : 54.34221724824254,
    "receivedKBytesPerSec" : 50.81283329340374,
    "sentKBytesPerSec" : 6.527434298372883
  },
  "Single_User_GET_HTTPRequest" : {
    "transaction" : "Single_User_GET_HTTPRequest",
    "sampleCount" : 8112,
    "errorCount" : 0,
    "errorPct" : 0.0,
    "meanResTime" : 30.796967455621328,
    "medianResTime" : 27.0,
    "minResTime" : 17.0,
    "maxResTime" : 517.0,
    "pct1ResTime" : 40.0,
    "pct2ResTime" : 48.0,
    "pct3ResTime" : 123.73999999999978,
    "throughput" : 54.343020217854416,
    "receivedKBytesPerSec" : 66.66395562857564,
    "sentKBytesPerSec" : 6.474461393142811
  },
  "UserList_Page4_HTTPRequest" : {
    "transaction" : "UserList_Page4_HTTPRequest",
    "sampleCount" : 8115,
    "errorCount" : 0,
    "errorPct" : 0.0,
    "meanResTime" : 31.42957486136787,
    "medianResTime" : 27.0,
    "minResTime" : 17.0,
    "maxResTime" : 546.0,
    "pct1ResTime" : 41.0,
    "pct2ResTime" : 50.0,
    "pct3ResTime" : 131.52000000000044,
    "throughput" : 54.143675898558165,
    "receivedKBytesPerSec" : 61.973207866845925,
    "sentKBytesPerSec" : 6.715084803825086
  },
  "UserList_Page3_HTTPRequest" : {
    "transaction" : "UserList_Page3_HTTPRequest",
    "sampleCount" : 8116,
    "errorCount" : 0,
    "errorPct" : 0.0,
    "meanResTime" : 31.267496303597795,
    "medianResTime" : 27.0,
    "minResTime" : 16.0,
    "maxResTime" : 653.0,
    "pct1ResTime" : 41.0,
    "pct2ResTime" : 50.0,
    "pct3ResTime" : 126.82999999999993,
    "throughput" : 54.36544619053361,
    "receivedKBytesPerSec" : 62.225647205699126,
    "sentKBytesPerSec" : 6.742589517771258
  },
  "Create_User_HTTPRequest" : {
    "transaction" : "Create_User_HTTPRequest",
    "sampleCount" : 8107,
    "errorCount" : 28,
    "errorPct" : 0.34538054,
    "meanResTime" : 173.69285802393037,
    "medianResTime" : 165.0,
    "minResTime" : 145.0,
    "maxResTime" : 809.0,
    "pct1ResTime" : 187.0,
    "pct2ResTime" : 258.59999999999945,
    "pct3ResTime" : 308.9200000000001,
    "throughput" : 54.480330094216626,
    "receivedKBytesPerSec" : 51.73342567251992,
    "sentKBytesPerSec" : 11.545148076606454
  }
}