{
  "UserList_Page2_HTTPRequest" : {
    "transaction" : "UserList_Page2_HTTPRequest",
    "sampleCount" : 6868,
    "errorCount" : 0,
    "errorPct" : 0.0,
    "meanResTime" : 558.0647932440288,
    "medianResTime" : 418.0,
    "minResTime" : 19.0,
    "maxResTime" : 3547.0,
    "pct1ResTime" : 1414.0,
    "pct2ResTime" : 1612.5499999999993,
    "pct3ResTime" : 2203.0,
    "throughput" : 66.42102107329715,
    "receivedKBytesPerSec" : 130.14256239059583,
    "sentKBytesPerSec" : 8.237763355770253
  },
  "Register_HTTPRequest" : {
    "transaction" : "Register_HTTPRequest",
    "sampleCount" : 6669,
    "errorCount" : 0,
    "errorPct" : 0.0,
    "meanResTime" : 391.2102264207517,
    "medianResTime" : 409.0,
    "minResTime" : 147.0,
    "maxResTime" : 1654.0,
    "pct1ResTime" : 564.0,
    "pct2ResTime" : 641.0,
    "pct3ResTime" : 728.3000000000002,
    "throughput" : 65.49858081497558,
    "receivedKBytesPerSec" : 60.83862854980406,
    "sentKBytesPerSec" : 15.99086445678115
  },
  "PUT_Updateuser_HTTPRequest" : {
    "transaction" : "PUT_Updateuser_HTTPRequest",
    "sampleCount" : 6620,
    "errorCount" : 12,
    "errorPct" : 0.18126889,
    "meanResTime" : 411.797885196376,
    "medianResTime" : 420.0,
    "minResTime" : 144.0,
    "maxResTime" : 2038.0,
    "pct1ResTime" : 609.0,
    "pct2ResTime" : 653.9499999999998,
    "pct3ResTime" : 721.79,
    "throughput" : 65.28921544454855,
    "receivedKBytesPerSec" : 60.94204595887371,
    "sentKBytesPerSec" : 14.345774877952563
  },
  "UserList_Page1_HTTPRequest" : {
    "transaction" : "UserList_Page1_HTTPRequest",
    "sampleCount" : 6872,
    "errorCount" : 0,
    "errorPct" : 0.0,
    "meanResTime" : 571.143626309662,
    "medianResTime" : 421.0,
    "minResTime" : 18.0,
    "maxResTime" : 3164.0,
    "pct1ResTime" : 1444.6999999999998,
    "pct2ResTime" : 1619.3499999999995,
    "pct3ResTime" : 2207.8099999999986,
    "throughput" : 67.17234907725992,
    "receivedKBytesPerSec" : 129.33333381698174,
    "sentKBytesPerSec" : 8.33094563751173
  },
  "Total" : {
    "transaction" : "Total",
    "sampleCount" : 61013,
    "errorCount" : 6783,
    "errorPct" : 11.117303,
    "meanResTime" : 454.18425581433536,
    "medianResTime" : 309.0,
    "minResTime" : 17.0,
    "maxResTime" : 36130.0,
    "pct1ResTime" : 553.0,
    "pct2ResTime" : 1079.0,
    "pct3ResTime" : 1627.9900000000016,
    "throughput" : 455.07637687212844,
    "receivedKBytesPerSec" : 565.1861223004244,
    "sentKBytesPerSec" : 71.10631758262352
  },
  "Single_User_NotFound_Get_HTTPRequest" : {
    "transaction" : "Single_User_NotFound_Get_HTTPRequest",
    "sampleCount" : 6749,
    "errorCount" : 6749,
    "errorPct" : 100.0,
    "meanResTime" : 298.74070232626974,
    "medianResTime" : 313.0,
    "minResTime" : 18.0,
    "maxResTime" : 2591.0,
    "pct1ResTime" : 433.0,
    "pct2ResTime" : 483.0,
    "pct3ResTime" : 595.0,
    "throughput" : 66.19781858129316,
    "receivedKBytesPerSec" : 61.86681293647991,
    "sentKBytesPerSec" : 7.951495786620175
  },
  "Single_User_GET_HTTPRequest" : {
    "transaction" : "Single_User_GET_HTTPRequest",
    "sampleCount" : 6775,
    "errorCount" : 0,
    "errorPct" : 0.0,
    "meanResTime" : 314.60014760147567,
    "medianResTime" : 330.0,
    "minResTime" : 17.0,
    "maxResTime" : 2425.0,
    "pct1ResTime" : 448.0,
    "pct2ResTime" : 497.39999999999964,
    "pct3ResTime" : 600.2399999999998,
    "throughput" : 66.39292854062953,
    "receivedKBytesPerSec" : 81.39724614810768,
    "sentKBytesPerSec" : 7.910095001910941
  },
  "UserList_Page4_HTTPRequest" : {
    "transaction" : "UserList_Page4_HTTPRequest",
    "sampleCount" : 6868,
    "errorCount" : 0,
    "errorPct" : 0.0,
    "meanResTime" : 556.9194816540493,
    "medianResTime" : 420.0,
    "minResTime" : 18.0,
    "maxResTime" : 3653.0,
    "pct1ResTime" : 1388.1000000000004,
    "pct2ResTime" : 1587.5499999999993,
    "pct3ResTime" : 2204.479999999996,
    "throughput" : 66.20205700625584,
    "receivedKBytesPerSec" : 75.74699693593784,
    "sentKBytesPerSec" : 8.210606679486808
  },
  "UserList_Page3_HTTPRequest" : {
    "transaction" : "UserList_Page3_HTTPRequest",
    "sampleCount" : 6866,
    "errorCount" : 0,
    "errorPct" : 0.0,
    "meanResTime" : 574.2369647538607,
    "medianResTime" : 422.0,
    "minResTime" : 19.0,
    "maxResTime" : 36130.0,
    "pct1ResTime" : 1441.6000000000004,
    "pct2ResTime" : 1621.6499999999996,
    "pct3ResTime" : 2191.99,
    "throughput" : 51.72205984270949,
    "receivedKBytesPerSec" : 59.17715097402598,
    "sentKBytesPerSec" : 6.4147476562735415
  },
  "Create_User_HTTPRequest" : {
    "transaction" : "Create_User_HTTPRequest",
    "sampleCount" : 6726,
    "errorCount" : 22,
    "errorPct" : 0.32708892,
    "meanResTime" : 401.89146595301827,
    "medianResTime" : 419.0,
    "minResTime" : 143.0,
    "maxResTime" : 1859.0,
    "pct1ResTime" : 565.0,
    "pct2ResTime" : 641.0,
    "pct3ResTime" : 723.7299999999996,
    "throughput" : 65.99164066639194,
    "receivedKBytesPerSec" : 62.65853498876592,
    "sentKBytesPerSec" : 13.984556664655326
  }
}