{
  "UserList_Page2_HTTPRequest" : {
    "transaction" : "UserList_Page2_HTTPRequest",
    "sampleCount" : 14229,
    "errorCount" : 0,
    "errorPct" : 0.0,
    "meanResTime" : 118.36179633143566,
    "medianResTime" : 64.0,
    "minResTime" : 16.0,
    "maxResTime" : 1716.0,
    "pct1ResTime" : 260.0,
    "pct2ResTime" : 454.0,
    "pct3ResTime" : 791.0,
    "throughput" : 39.81197800814203,
    "receivedKBytesPerSec" : 78.03309128911879,
    "sentKBytesPerSec" : 4.937618366244177
  },
  "Register_HTTPRequest" : {
    "transaction" : "Register_HTTPRequest",
    "sampleCount" : 14128,
    "errorCount" : 0,
    "errorPct" : 0.0,
    "meanResTime" : 198.75693657984135,
    "medianResTime" : 170.0,
    "minResTime" : 144.0,
    "maxResTime" : 681.0,
    "pct1ResTime" : 283.0,
    "pct2ResTime" : 321.0,
    "pct3ResTime" : 390.7099999999991,
    "throughput" : 39.697994026193705,
    "receivedKBytesPerSec" : 36.871654705355915,
    "sentKBytesPerSec" : 9.691893072801198
  },
  "PUT_Updateuser_HTTPRequest" : {
    "transaction" : "PUT_Updateuser_HTTPRequest",
    "sampleCount" : 14094,
    "errorCount" : 39,
    "errorPct" : 0.2767135,
    "meanResTime" : 203.1183482332904,
    "medianResTime" : 171.0,
    "minResTime" : 143.0,
    "maxResTime" : 1539.0,
    "pct1ResTime" : 295.0,
    "pct2ResTime" : 334.0,
    "pct3ResTime" : 408.0,
    "throughput" : 39.62350083497799,
    "receivedKBytesPerSec" : 37.00318524246693,
    "sentKBytesPerSec" : 8.706335632685594
  },
  "UserList_Page1_HTTPRequest" : {
    "transaction" : "UserList_Page1_HTTPRequest",
    "sampleCount" : 14228,
    "errorCount" : 0,
    "errorPct" : 0.0,
    "meanResTime" : 118.0176412707341,
    "medianResTime" : 64.5,
    "minResTime" : 17.0,
    "maxResTime" : 3195.0,
    "pct1ResTime" : 258.10000000000036,
    "pct2ResTime" : 436.0,
    "pct3ResTime" : 774.7099999999991,
    "throughput" : 39.89692080343448,
    "receivedKBytesPerSec" : 76.83879933836951,
    "sentKBytesPerSec" : 4.948153263707205
  },
  "Total" : {
    "transaction" : "Total",
    "sampleCount" : 127651,
    "errorCount" : 14253,
    "errorPct" : 11.1656,
    "meanResTime" : 135.79043642431415,
    "medianResTime" : 35.0,
    "minResTime" : 16.0,
    "maxResTime" : 42180.0,
    "pct1ResTime" : 168.0,
    "pct2ResTime" : 175.0,
    "pct3ResTime" : 282.0,
    "throughput" : 357.00481875819787,
    "receivedKBytesPerSec" : 442.55387706136156,
    "sentKBytesPerSec" : 55.92945100189199
  },
  "Single_User_NotFound_Get_HTTPRequest" : {
    "transaction" : "Single_User_NotFound_Get_HTTPRequest",
    "sampleCount" : 14174,
    "errorCount" : 14174,
    "errorPct" : 100.0,
    "meanResTime" : 68.20565824749548,
    "medianResTime" : 31.0,
    "minResTime" : 16.0,
    "maxResTime" : 1492.0,
    "pct1ResTime" : 165.0,
    "pct2ResTime" : 188.0,
    "pct3ResTime" : 251.0,
    "throughput" : 39.800743561231485,
    "receivedKBytesPerSec" : 37.214955105174035,
    "sentKBytesPerSec" : 4.780753376983859
  },
  "Single_User_GET_HTTPRequest" : {
    "transaction" : "Single_User_GET_HTTPRequest",
    "sampleCount" : 14182,
    "errorCount" : 0,
    "errorPct" : 0.0,
    "meanResTime" : 71.83063037653392,
    "medianResTime" : 31.0,
    "minResTime" : 17.0,
    "maxResTime" : 938.0,
    "pct1ResTime" : 178.0,
    "pct2ResTime" : 199.0,
    "pct3ResTime" : 259.0,
    "throughput" : 39.81336956643797,
    "receivedKBytesPerSec" : 48.838476981404334,
    "sentKBytesPerSec" : 4.743389733501398
  },
  "UserList_Page4_HTTPRequest" : {
    "transaction" : "UserList_Page4_HTTPRequest",
    "sampleCount" : 14227,
    "errorCount" : 0,
    "errorPct" : 0.0,
    "meanResTime" : 121.36613481408594,
    "medianResTime" : 64.0,
    "minResTime" : 16.0,
    "maxResTime" : 42029.0,
    "pct1ResTime" : 259.0,
    "pct2ResTime" : 439.0,
    "pct3ResTime" : 786.0,
    "throughput" : 39.91807073413673,
    "receivedKBytesPerSec" : 45.6915456082266,
    "sentKBytesPerSec" : 4.950776350815786
  },
  "UserList_Page3_HTTPRequest" : {
    "transaction" : "UserList_Page3_HTTPRequest",
    "sampleCount" : 14221,
    "errorCount" : 0,
    "errorPct" : 0.0,
    "meanResTime" : 118.91182054707863,
    "medianResTime" : 63.0,
    "minResTime" : 17.0,
    "maxResTime" : 42180.0,
    "pct1ResTime" : 250.0,
    "pct2ResTime" : 418.89999999999964,
    "pct3ResTime" : 780.7800000000007,
    "throughput" : 39.888812844304326,
    "receivedKBytesPerSec" : 45.660862696204376,
    "sentKBytesPerSec" : 4.947147686744774
  },
  "Create_User_HTTPRequest" : {
    "transaction" : "Create_User_HTTPRequest",
    "sampleCount" : 14168,
    "errorCount" : 40,
    "errorPct" : 0.28232637,
    "meanResTime" : 204.43972332015807,
    "medianResTime" : 171.0,
    "minResTime" : 142.0,
    "maxResTime" : 879.0,
    "pct1ResTime" : 298.0,
    "pct2ResTime" : 328.0,
    "pct3ResTime" : 401.3099999999995,
    "throughput" : 39.78948196161472,
    "receivedKBytesPerSec" : 37.77529060848307,
    "sentKBytesPerSec" : 8.431950767256245
  }
}